{"cameraMode":{"drawMode":0,"name":"Shaded","section":"Shading Mode"},"sceneLighting":false,"audioPlay":false,"sceneViewState":{"showFog":true,"showMaterialUpdate":false,"showSkybox":true,"showFlares":true,"showImageEffects":true,"showParticleSystems":true},"in2DMode":false,"pivot":{"x":-9.65999984741211,"y":0.8500000238418579,"z":-8.800000190734864},"rotation":{"x":-0.25496432185173037,"y":0.3017347753047943,"z":-0.08409557491540909,"w":-0.9148100018501282},"size":3.086825370788574,"orthographic":false}