{"cameraMode":{"drawMode":0,"name":"Shaded","section":"Shading Mode"},"sceneLighting":true,"audioPlay":false,"sceneViewState":{"showFog":false,"showMaterialUpdate":false,"showSkybox":false,"showFlares":false,"showImageEffects":false,"showParticleSystems":true},"in2DMode":false,"pivot":{"x":-15.445507049560547,"y":10.395933151245118,"z":7.561073303222656},"rotation":{"x":0.5004003643989563,"y":0.15037061274051667,"z":-0.08873554319143295,"w":0.848006010055542},"size":50.20243453979492,"orthographic":false}