{"cameraMode":{"drawMode":0,"name":"Shaded","section":"Shading Mode"},"sceneLighting":false,"audioPlay":false,"sceneViewState":{"showFog":false,"showMaterialUpdate":false,"showSkybox":false,"showFlares":false,"showImageEffects":false,"showParticleSystems":true},"in2DMode":false,"pivot":{"x":-9.65999984741211,"y":0.8500000238418579,"z":-8.800000190734864},"rotation":{"x":0.09749212861061096,"y":0.8869354128837586,"z":-0.2190258800983429,"w":0.3948020040988922},"size":4.286825656890869,"orthographic":false}